alpha_prd,beta_sfd,gamma_gkr,retain_recall@10,retain_ndcg@10,forget_recall@10,forget_ndcg@10,retain_recall@20,retain_ndcg@20,forget_recall@20,forget_ndcg@20,zrf_score
0.1,0.5,0.5,0.15019404659781008,0.3661179182828087,0.08499821276587911,0.172599315959831,0.2324691538971635,0.35341148372805664,0.122326723659334,0.16281274981237062,0.9306856475239545
0.2,0.5,0.5,0.15047165993960718,0.36837153310924975,0.0857196856206476,0.1535797072061586,0.23405079316699434,0.3652257120010505,0.12676750079011184,0.1548204406784959,0.9536215920194654
0.3,0.5,0.5,0.15263829275989543,0.37156189635687453,0.08220191939608765,0.1528109384092745,0.2374269827691729,0.3674739494228223,0.12100072510904464,0.1494753405709094,0.9545824145895586
0.4,0.5,0.5,0.15270530373467608,0.3714906860194104,0.0745885302947044,0.15899171537009582,0.23975320780944955,0.3692547029519518,0.11118886916079926,0.1477142404966508,0.9559682870567646
0.5,0.5,0.5,0.15294829931806028,0.38191199807462566,0.08309896718675677,0.1588817371699845,0.25538584954304853,0.3883447124070036,0.1229438494729429,0.15801506883961905,0.9562017821088793
0.6,0.5,0.5,0.15294056502514515,0.3822010962362801,0.07857278694429581,0.1685521124678034,0.25577665920167375,0.388553444087634,0.13597438965882913,0.17077773494307116,0.9556285048953031
0.7,0.5,0.5,0.15321194327770185,0.3822698380227483,0.07593449631433344,0.14931249270759103,0.25986073287982615,0.3886231556992606,0.122109218348975,0.15025768122954145,0.9620366072940581
0.8,0.5,0.5,0.1533320727927049,0.3823744695375281,0.08315061507301034,0.16011368475853732,0.26478568231028257,0.38880543459974124,0.13779849020317522,0.16644709258628723,0.960308548907814
0.9,0.5,0.5,0.15319180099226898,0.384010060708296,0.08082171602390274,0.16162513341765478,0.26408983285061447,0.3895803479829968,0.12394752675356478,0.15585145426033126,0.963171070078111
1.0,0.5,0.5,0.15415001328066847,0.383879365729349,0.07726269152351865,0.15163639510142282,0.2650653002711306,0.38925341498748076,0.11647017407350393,0.14726915636746593,0.960951633422308
0.5,0.1,0.5,0.1535352152498054,0.37396891278299954,0.10261359886931633,0.22287742364007201,0.23729530013740408,0.3616475049578438,0.1716364642602469,0.22398680797636975,0.90441340936673964
0.5,0.2,0.5,0.15413161239707057,0.374158366083275,0.09688527153044382,0.1817475847041998,0.2398169204626401,0.36425553050022113,0.1490477710142538,0.17979448900184097,0.915944767923021
0.5,0.3,0.5,0.1528329100609402,0.3734967423921037,0.0771401788929685,0.16948864582028172,0.24022451334286568,0.3675186614009953,0.11795457299957637,0.1613637915222885,0.9268005683830025
0.5,0.4,0.5,0.15198913143599344,0.3710774831604868,0.07304487408594408,0.1547350485008246,0.2553004755405402,0.38769590691129044,0.11699095960326612,0.1510471484066313,0.9545382367648315
0.5,0.5,0.5,0.1527516092628871,0.3710985222496694,0.08885983421558152,0.1677137825491294,0.2583494606886686,0.38796463306413356,0.1409883304670387,0.16843096683268874,0.9576717628341005
0.5,0.6,0.5,0.15294955268740898,0.37298887396297403,0.08038450890776022,0.1590533410353355,0.2613252464863418,0.38950601385456105,0.12009427767613791,0.1520536632855524,0.9594382227948248
0.5,0.7,0.5,0.15125924491461248,0.3689676212489264,0.09141436805587717,0.16632730622802736,0.2617009387301698,0.39578010801227916,0.13915388784827057,0.16652898165742905,0.9627772515712621
0.5,0.8,0.5,0.1525521977191453,0.3708530489920494,0.07436238645329894,0.13729318313206387,0.26280098745919392,0.39732846201621016,0.1278934616581073,0.14604025022233882,0.9641624880171064
0.5,0.9,0.5,0.15286593130967813,0.3701675374888684,0.07119243901648027,0.1440292604974396,0.2628441442962275,0.39657700341084403,0.11725264637163463,0.1499722057851064,0.9659155008981269
0.5,1.0,0.5,0.15168665608262438,0.36798387460631243,0.07114909515710291,0.1448878311924977,0.26285838519069993,0.3954182779483027,0.11848217603190052,0.14288408199265606,0.967359785346236
0.5,0.5,0.1,0.1518548452047458,0.3707283670380451,0.07835943333791547,0.166734291973502,0.2343008251265807,0.35779544737862784,0.12228007779244804,0.1622087683530474,0.9321129869377278
0.5,0.5,0.2,0.15196420101175048,0.3706323310975387,0.0708918824787359,0.1406044937967663,0.23755245152611512,0.35954050567793677,0.12131932220415514,0.14861464839525948,0.9351404452391071
0.5,0.5,0.3,0.1525950139597746,0.3719880339956605,0.0821378132149458,0.16381132795432402,0.23941405651370645,0.36207788900429954,0.12889465452664264,0.16049016288807622,0.9394134684815237
0.5,0.5,0.4,0.15169055970887788,0.3700622280231955,0.08108159140104802,0.15328582235518873,0.24067324137240034,0.3784389055215338,0.12300496317049878,0.15377169805484273,0.9463506937459456
0.5,0.5,0.5,0.15184772133545335,0.3703975520585519,0.0690055201028079,0.13588864503480805,0.25281084460427235,0.3782542536235974,0.1258477387538819,0.15019290642452468,0.9521562428166629
0.5,0.5,0.6,0.15115239189113513,0.369524528419416,0.0784989741660132,0.1650282965839154,0.25391721983098338,0.38598206103514113,0.12605712212070547,0.16527978873437563,0.958983817928246
0.5,0.5,0.7,0.1519265735843257,0.37072274895751284,0.07254138628655439,0.15271481366326536,0.25607959798622195,0.3870506023051108,0.1165183991727819,0.15175260748275518,0.9572512970728349
0.5,0.5,0.8,0.15227612536266474,0.3712189657605507,0.06303386121145199,0.15207762083901327,0.25674166405912866,0.3881049717768098,0.10930370863481241,0.1473372541934514,0.9564540999292371
0.5,0.5,0.9,0.152627414639119,0.3712512913999047,0.07556679492669999,0.14973194988790475,0.25670755911645502,0.38806511889268816,0.12306285790326217,0.15318120297455234,0.9632165836947898
0.5,0.5,1.0,0.15290182956837303,0.3719022214464686,0.07912792130467693,0.1596109064353219,0.25675200506201737,0.3889775553959097,0.13153177669966618,0.16305939616410978,0.960614914447034
